tCu,wCu,tLam,nLam,aln,tsu,freq
19.999999999999996,203.99999999999994,322.00000000000006,7.999999999999998,15.0,3.0000000000000004,50.5
