tCu,wCu,tLam,nLam,aln,tsu,freq
11.000000000000002,199.99999999999991,158.00000000000003,7.999999999999998,15.0,3.0000000000000004,50.5
11.000000000000002,201.0,152.99999999999997,9.000000000000002,15.0,3.0000000000000004,50.5
