,tCu,wCu,tLam,nLam,aln,tsu,freq,tabpfn,pinn,ParaPFN,para_L
0,20.0,203.99999999999997,322.00000000000006,7.999999999999998,15.0,3.0000000000000004,50.5,328.09805,324.39795,331.02576,5.8565445
